1101,Aalim Mohammed Salegh College of Engineering,1101,principal,Y
1102,Aalim Mohammed Salegh Academy of Architecture,1102,principal,Y
1103,BKR College of Engineering and Technology,1103,principal,Y
1104,Bhajarang Engineering College,1104,principal,Y
1105,Gojan School of Business and Technology,1105,principal,Y
1106,Indira Institute of Engineering and  Technology,1106,principal,Y
1107,JNN Institue of Engineering,1107,principal,Y
1108,Jaya Engineering College,1108,principal,Y
1109,Jaya Suriya Engineering College,1109,principal,Y
1110,John Bosco Engineering College,1110,principal,Y
1111,Lakshmi Chand Rajani College of Engineering and Technology,1111,principal,Y
1112,Magna College of Engineering,1112,principal,Y
1113,PMR Engineering College,1113,principal,Y
1114,Prathyusha Institute of Technology and Management ,1114,principal,Y
1115,R.M.D.Engineering College,1115,principal,Y
1116,R.M.K. College of Engineering and Technology,1116,principal,Y
1117,R.M.K. Engineering College,1117,principal,Y
1118,RVS Padmavathy College of Engineering and Technology,1118,principal,Y
1119,S.A. Engineering College,1119,principal,Y
1120,Sakthi Engineering College,1120,principal,Y
1121,Sams College of Enginering and Technology,1121,principal,Y
1122,Siva Institute of Frontier Technology,1122,principal,Y
1123,Sri Krishna College of Engineering,1123,principal,Y
1124,Sri Venkateswara College of Engineering and Technology,1124,principal,Y
1125,Sri Venkateswara Institute of Science and Technology,1125,principal,Y
1126,Sriram Engineering College,1126,principal,Y
1127,St.Peter's College of Engineering and Technology,1127,principal,Y
1128,T.J.S. Engineering College,1128,principal,Y
1129,Vel Tech,1129,principal,Y
1130,Vel Tech High Tech Dr.Rangarajan Dr.Sakunthala Engineering College,1130,principal,Y
1131,Vel Tech Multi Tech Dr.Rangarajan Dr.Sakunthala  Engineering College,1131,principal,Y
1132,Velammal Engineering College,1132,principal,Y
1133,Velammal Institute of Technology,1133,principal,Y
2101,Alpha College of Engineering,2101,principal,Y
2102,Apollo Engineering College,2102,principal,Y
2103,Arignar Anna Institute of Science and Technology,2103,principal,Y
2104,Chennai Institute of Technology,2104,principal,Y
2105,DMI College of Engineering,2105,principal,Y
2106,Jeppiar Institute of Technology,2106,principal,Y
2107,Kalsar College of Engineering ,2107,principal,Y
2108,Kings Engineering College,2108,principal,Y
2109,Loyola Institute of Technology,2109,principal,Y
2110,Maamallan Institute of Technology,2110,principal,Y
2111,Madha Engineering College,2111,principal,Y
2112,Madha Institute of Engineering and Technology,2112,principal,Y
2113,P.B. College of Engineering,2113,principal,Y
2114,Panimalar Engineering College,2114,principal,Y
2115,Panimalar Institute of Technology,2115,principal,Y
2116,Rajalakshmi Engineering College,2116,principal,Y
2117,Rajalakshmi Institute of Technology,2117,principal,Y
2118,Rajalakshmi School of Architecture,2118,principal,Y
2119,Rajiv Gandhi College of Engineering,2119,principal,Y
2120,S.K.R. Engineering College,2120,principal,Y
2121,Sakthi Mariamman Engineering College,2121,principal,Y
2122,Saveetha Engineering College,2122,principal,Y
2123,Sree Sastha College of Engineering,2123,principal,Y
2124,Sree Sastha Institute of Engineering and Technology,2124,principal,Y
2125,Sri Kalaimagal College of Engineering,2125,principal,Y
2126,Sri Muthukumaran Institute of Technology,2126,principal,Y
2127,Sri Venkateswara College of Engineering.,2127,principal,Y
2128,Srinivasa Institute of Engineering and Technology,2128,principal,Y
2129,St.Joseph College of Engineering,2129,principal,Y
3100,University Department of Anna University of Technology - Chennai,3100,principal,Y
3101,Anand Institute of Higher Technolgy,3101,principal,Y
3102,Balaji Institute of Engineering and Technology,3102,principal,Y
3103,Central Institute of Plastics Engineering and Technology,3103,principal,Y
3104,Dhanalakshmi Srinivasan Business School,3104,principal,Y
3105,Dhanalakshmi Srinivasan College of Engineering and Technology,3105,principal,Y
3106,Easwari Engineering College,3106,principal,Y
3107,Jawahar Engineering College,3107,principal,Y
3108,Jeppiaar Engineering College,3108,principal,Y
3109,Jerusalem College of Engineering,3109,principal,Y
3110,K.C.G. College of Technology,3110,principal,Y
3111,Loyola - ICAM College of Engineering. and Technology,3111,principal,Y
3112,Marg Institute of Design and Architecture Swarnabhoomi (MIDAS),3112,principal,Y
3113,Measi Academy of Architecture,3113,principal,Y
3114,Meenakshi College of Engineering,3114,principal,Y
3115,Meenakshi Sundararajan Engineering College,3115,principal,Y
3116,Misrimal Navajee Munoth Jain Engineering. College,3116,principal,Y
3117,Mohammed Sathak A.J. Academy of Architecture,3117,principal,Y
3118,Mohammed Sathak A.J. College of Engineering,3118,principal,Y
3119,Royal Institute of Management Studies and Computer Application,3119,principal,Y
3120,S.R.R. Engineering College,3120,principal,Y
3121,Shree Motilal Kanhaiyalal Fomra Institute of Technology,3121,principal,Y
3122,Sri Sivasubramaniya Nadar College of Engineering,3122,principal,Y
3123,St.Joseph's College of Engineering,3123,principal,Y
3124,St.Joseph's Institute of Technology,3124,principal,Y
3125,T.J.Institute of Technology,3125,principal,Y
3126,Thangavelu Engineering College,3126,principal,Y
3127,The New Royal College of Engineering and Technology,3127,principal,Y
3128,Agni College of Technology,3128,principal,Y
4101,Adhi College of Engineering and Technology,4101,principal,Y
4102,Apollo Priyadarshanam Institute of Technology,4102,principal,Y
4103,ARM College of Engineering and Technology,4103,principal,Y
4104,Asan Memorial College of Engineering and Technology,4104,principal,Y
4105,Balamani Arunachalam Educational and Charitable Trust's Group of Institutions,4105,principal,Y
4106,Dhaanish Ahmed College of Engineering,4106,principal,Y
4107,Dhanalakshmi College of Engineering,4107,principal,Y
4108,G.K.M. College of Engineering and Technology,4108,principal,Y
4109,Galaxy Institute Of Management,4109,principal,Y
4110,Gopal Ramalingam Memorial Engineering College,4110,principal,Y
4111,Indira Gandhi College of Engineering and Technology for women,4111,principal,Y
4112,Lord Ayyappa Institute of Engineering and Technology,4112,principal,Y
4113,Lord Venkateshwaraa Engineering College,4113,principal,Y
4114,New Prince Shri Bhavani College of Engineering and Technology,4114,principal,Y
4115,Peri Institute of Technology,4115,principal,Y
4116,Prince Dr.K.Vasudevan College of Engineering and Technology,4116,principal,Y
4117,Prince Shri Venkateshwara Padmavathy Engineering College,4117,principal,Y
4118,Rrase College of Engineering,4118,principal,Y
4119,Shri Andal Alagar College of Engineering,4119,principal,Y
4120,Sri Krishna Engineering College,4120,principal,Y
4121,Sri Krishna Institute of Technology,4121,principal,Y
4122,Sri Lakshmi Ammal Engineering College,4122,principal,Y
4123,Sri Ramanujar Engineering College,4123,principal,Y
4124,Sri Sai Ram Institute of Technology,4124,principal,Y
4125,Sri Sai Ram Engineering College,4125,principal,Y
4126,Sri Venkateswaraa College of Technology,4126,principal,Y
4127,Tagore Engineering College,4127,principal,Y
4128,Valliammai Engineering College,4128,principal,Y
4129,VI Institute of Technology,4129,principal,Y
4201,AKT Memorial College of Engineering and Technology,4201,principal,Y
4202,A.C.T. College of Engineering and Technology,4202,principal,Y
4203,A.R. Engineering College,4203,principal,Y
4204,Adhiparasakthi Engineering College,4204,principal,Y
4205,Aksheyaa College of Engineering,4205,principal,Y
4206,Annai Teresa College of Engineering,4206,principal,Y
4207,CK College of Engineering and Technology,4207,principal,Y
4208,Chendu College of Engineering and Technology,4208,principal,Y
4209,Dr.Paul's Engineering College,4209,principal,Y
4210,E.S.College of Engineering  and Technology,4210,principal,Y
4211,IFET College of Engineering,4211,principal,Y
4212,Karpaga Vinayaga College of Engineering and Technology,4212,principal,Y
4213,Krishnasamy College of Engineering and Technology,4213,principal,Y
4214,KRS College of Engineering,4214,principal,Y
4216,Mailam Engineering College,4216,principal,Y
4217,S.R.I. College of Engineering and Technology,4217,principal,Y
4218,Saraswathy College of Engineering and Technology,4218,principal,Y
4219,Sri Aravindar Engineering College,4219,principal,Y
4220,Sri Rangapoopathi College of Engineering,4220,principal,Y
4221,St Anne's College of Engineering and Technology,4221,principal,Y
4222,Surya Group of Institutions ,4222,principal,Y
4223,Thiruvalluvar College of Engineering and Technology,4223,principal,Y
4224,University College of  Engineering - Tindivanam,4224,principal,Y
4225,University College of Engineering - Villupuram,4225,principal,Y
4226,Anna University of Technology Tiruchirapalli - Panruti Campus,4226,principal,Y
4227,V.R.S.College of Engineering and Technology,4227,principal,Y
5101,Adhiparasakthi College of Engineering,5101,principal,Y
5102,Annamalaiar College of Engineering,5102,principal,Y
5103,Arulmigu MeenakshiAmman College of Engineering,5103,principal,Y
5104,Arunai Engineering College,5104,principal,Y
5105,Bharathidasan Engineering College,5105,principal,Y
5106,C.Abdul Hakeem College of Engineering and  Technology,5106,principal,Y
5107,G.G.R. College of Engineering,5107,principal,Y
5108,Ganadipathy Tulsi's Jain Engineering College,5108,principal,Y
5109,Global Institute of Engineering and Technology,5109,principal,Y
5110,Jei Mathajee College of Engineering,5110,principal,Y
5111,Arunai College of Engineering,5111,principal,Y
5112,Kanchi Pallavan Engineering College,5112,principal,Y
5113,Kingston Engineering College,5113,principal,Y
5114,Oxford College of Engineering,5114,principal,Y
5115,P.T.Lee Chengalvaraya Naicker College of Engineering and Technology,5115,principal,Y
5116,Pallava Raja College of Engineering,5116,principal,Y
5117,Pallavan College of Engineering,5117,principal,Y
5118,Podhigai College of Engineering and Technology,5118,principal,Y
5119,Priyadarshini Engineering College,5119,principal,Y
5120,Sri Ramana Maharishi College of Engineering,5120,principal,Y
5121,Ranippettai Engineering College,5121,principal,Y
5122,S.K.P.Engineering College,5122,principal,Y
5123,S.K.P.Institute of Technology,5123,principal,Y
5124,Saraswathi Velu College of Engineering,5124,principal,Y
5125,Shri Sapthagiri Institute of Technology,5125,principal,Y
5126,Sree Krishna College of Engineering,5126,principal,Y
5127,Sri Balaji Chockalingam Engineering College,5127,principal,Y
5128,Sri Nandhanam College of Engineering and Technology,5128,principal,Y
5130,St.John's College of Engineering and Technology for Women ,5130,principal,Y
5131,Thanthai Periyar Govt Institute of Technology,5131,principal,Y
5132,Thirumalai Engineering College,5132,principal,Y
5133,University College of Engineering - Arni,5133,principal,Y
5134,"University College of Engineering, Kanchipuram",5134,principal,Y
6101,Alpha Institute Of Management,6101,principal,Y
6102,Annapoorana Engineering College,6102,principal,Y
6103,Archana Institute of Technology,6103,principal,Y
6104,College Of Business Management,6104,principal,Y
6105,Dhirajlal Gandhi College of Technology,6105,principal,Y
6106,Dr.Nagarathinam's College of Engineering,6106,principal,Y
6107,Government College of Engineering - Bargur ,6107,principal,Y
6108,Er.Perumal Manimekalai College of Engineering,6108,principal,Y
6109,Jayalakshmi Institute of Technology,6109,principal,Y
6110,Jayam College of Engineering and Technology ,6110,principal,Y
6111,Knowledge Business School,6111,principal,Y
6112,Knowledge Institute of Technology,6112,principal,Y
6113,Mahendra Engineering College,6113,principal,Y
6114,Mahendra Engineering College for Women,6114,principal,Y
6115,Mahendra Institute of Engineering and Technology,6115,principal,Y
6116,Mahendra Institute of Technology,6116,principal,Y
6117,Narasu's Sarathy Institute of Technology,6117,principal,Y
6118,P.S.V.College of Engineering and Technology,6118,principal,Y
6119,RKKR School Of Management Studies,6119,principal,Y
6120,Sapthagiri College of Engineering,6120,principal,Y
6121,Sengunthar Bschool For Women,6121,principal,Y
6122,Sengunthar College of Engineering ,6122,principal,Y
6123,Sengunthar Engineering College,6123,principal,Y
6124,Shree Sathyam College of Engineering. and Technology,6124,principal,Y
6125,Sri Venkateswara Institute of Engineering,6125,principal,Y
6126,The Kavery College of Engineering ,6126,principal,Y
6127,The Kavery Engineering College,6127,principal,Y
6128,Varuvan Vadivelan Institute of Technology,6128,principal,Y
6129,Vivekanandha College of Engineering for Women,6129,principal,Y
6130,Vivekanandha College of Technology for women,6130,principal,Y
6131,Vivekanandha Institute of Engineering and Technology for women,6131,principal,Y
6132,Vivekanandha Business School For Women,6132,principal,Y
6133,Vivekanandha Institute Of Information  and Management Studies,6133,principal,Y
6201,AVS Engineering College,6201,principal,Y
6202,Annai Mathammal Sheela Engineering College,6202,principal,Y
6203,Bharathiyar Institute of Engineering for Women,6203,principal,Y
6204,Brahma School Of Business,6204,principal,Y
6205,CMS College of Engineering,6205,principal,Y
6206,Ganesh College of Engineering,6206,principal,Y
6207,Gnanamani College of Engineering,6207,principal,Y
6208,Gnanamani College of Technology,6208,principal,Y
6209,Gnanamani Institute Of Management Studies,6209,principal,Y
6210,Greentech College of Engineering for Women,6210,principal,Y
6211,Idhaya Engineering College for Women,6211,principal,Y
6212,King College of Technology,6212,principal,Y
6213,Kongunadu College of Engineering and Technology,6213,principal,Y
6214,Maha Barathi Engineering College,6214,principal,Y
6215,Mahendra College of Engineering,6215,principal,Y
6216,Muthuyammal Engineering College,6216,principal,Y
6217,Muthayammal Technical campus,6217,principal,Y
6218,PGP College of Engineering and Technology,6218,principal,Y
6219,Paavaai Group of Institutions School of Engineering,6219,principal,Y
6220,Paavai College of Engineering,6220,principal,Y
6221,Paavai Engineering college,6221,principal,Y
6222,Pavai College of Technology,6222,principal,Y
6223,SRS College of Engineering and Technology,6223,principal,Y
6224,Salem College of Engineering and Technology,6224,principal,Y
6225,Selvam College of Technology,6225,principal,Y
6226,Shreenivasa Engineering College,6226,principal,Y
6227,SRG Engineering College,6227,principal,Y
6228,Sri Ganesh School Of Business Management,6228,principal,Y
6229,T.S.M.Jain College of Technology,6229,principal,Y
6230,Tagore Institute of Engineering and Technology,6230,principal,Y
6231,VSA Educational and Charitable Trust's Group of Institutions,6231,principal,Y
6232,Vasavi Vidhya Trust Group Of Institutions,6232,principal,Y
6233,Vetri Vinayaha College of Engineering and  Technology,6233,principal,Y
7100,University Department of Anna University of Technology - Coimbatore,7100,principal,Y
7101,Adithya Institute of Technology,7101,principal,Y
7103,Angel College of Engineering and Technology,7103,principal,Y
7104,Christ The King Engineering College,7104,principal,Y
7105,Coimbatore Institute of Engineering and Technology,7105,principal,Y
7106,CSI College of Engineering,7106,principal,Y
7107,Dr.NGP Institute of Technology,7107,principal,Y
7108,Dr.Nallini Institute of Engineering and Technology,7108,principal,Y
7109,Indus College of Engineering,7109,principal,Y
7110,Info Institute of Engineering,7110,principal,Y
7111,Jansons Institute of Technology,7111,principal,Y
7112,Jay Shriram Group of Institutions ,7112,principal,Y
7113,KPR Institute of Engineering and Technology,7113,principal,Y
7114,KPR School of Business,7114,principal,Y
7115,Kalaignar Karunanidhi Institute of Technology,7115,principal,Y
7116,Kathir College of Engineering,7116,principal,Y
7117,KGISL Institute of Technology,7117,principal,Y
7118,KTVR Knowledge Park for Engineering and Technology,7118,principal,Y
7119,KV Institute of Management and Information Studies,7119,principal,Y
7120,Maharaja Institute of Technology,7120,principal,Y
7121,Mcgan's Ooty School of Architecture,7121,principal,Y
7122,Park College of Engineering and Technology,7122,principal,Y
7123,Park College of Technology,7123,principal,Y
7124,PPG Business School,7124,principal,Y
7125,PPG Institute of Technology,7125,principal,Y
7126,Prahar School of Architecture,7126,principal,Y
7127,Professional Educational Trust's Group of Institutions,7127,principal,Y
7128,RVS College of Engineering and Technology,7128,principal,Y
7129,"RVS Educational Trust's Group of Institutions, Coimbatore",7129,principal,Y
7130,Ranganathan Architecture College,7130,principal,Y
7131,Ranganathan Engineering College,7131,principal,Y
7132,RVS Institute Of Management Studies,7132,principal,Y
7133,SNS College of Engineering,7133,principal,Y
7134,Sasurie Academy of Engineering,7134,principal,Y
7135,SNS College of Technology,7135,principal,Y
7136,Sree Sakthi Engineering College,7136,principal,Y
7137,Sri Krishna Institute of Management,7137,principal,Y
7138,Sri Ramakrishna Institute of Technology,7138,principal,Y
7139,Sri Ranganathar Institute of Engineering and Technology,7139,principal,Y
7140,Sri Shakthi Institute of Engineering  and Technology,7140,principal,Y
7141,Sriguru Institute of Technology,7141,principal,Y
7142,TamilNadu College of Engineering,7142,principal,Y
7143,TamilNadu School of Architecture,7143,principal,Y
7144,Tejaa Shakthi Institute of Technology for Women,7144,principal,Y
7145,United Institute of Technology,7145,principal,Y
7146,RVS College Of Computer Application,7146,principal,Y
7147,R.V.S School of Architecture,7147,principal,Y
7201,A.S.L.Pauls College of Engineering and Technology,7201,principal,Y
7202,AJK Institute of Management,7202,principal,Y
7203,Akshaya College of Engineering and Technology,7203,principal,Y
7204,CMS College of Engineering and Technology,7204,principal,Y
7205,Easa College of Engineering and Technology,7205,principal,Y
7206,Happy Valley Business School,7206,principal,Y
7207,Hindustan College of Engineering and Technology,7207,principal,Y
7208,Hindustan Institute of Technology,7208,principal,Y
7209,JCT College of Engineering and Technology,7209,principal,Y
7210,Jawaharal Institute of Technology,7210,principal,Y
7211,Kalaivani College of Technology,7211,principal,Y
7212,Karpagam Institute of Technology,7212,principal,Y
7213,N R School of Architecture,7213,principal,Y
7214,Nehru Institute of Engineering and Technology,7214,principal,Y
7215,Nehru Institute of Information Technology and Management,7215,principal,Y
7216,Nehru Institute of Management Studies,7216,principal,Y
7217,P A College of Engineering and Technology,7217,principal,Y
7218,Rathinam Technical Campus,7218,principal,Y
7219,S S K College of Engineering and Technology,7219,principal,Y
7220,SVS College of Engineering,7220,principal,Y
7221,SVS School of Architecture,7221,principal,Y
7222,Sakthi Institute of Information and Management Studies,7222,principal,Y
7223,San International Business School,7223,principal,Y
7224,San International Info School,7224,principal,Y
7225,Sasi Creative School Of Business,7225,principal,Y
7226,SNT Global Academy Of Management Studies and Technology,7226,principal,Y
7227,Sree Narayanaguru Institute of Management Studies,7227,principal,Y
7228,Sri Eshwar College of Engineering,7228,principal,Y
7229,Sri Venkateswara College of Computer Applications and Management,7229,principal,Y
7230,Sri Venkateswara Institute of Information Technology and Management,7230,principal,Y
7231,SVS Institute of Computer Applications,7231,principal,Y
7232,SVS Institute of Management Studies,7232,principal,Y
7233,Akshaya Institute of Management Studies,7233,principal,Y
7301,Aishwarya College of Engineering and Technology,7301,principal,Y
7302,Al-Ameen Engineering College,7302,principal,Y
7303,Erode Builder Educational Trust's Group of Institutions,7303,principal,Y
7304,Erode Sengunthar Engineering College,7304,principal,Y
7305,Excel Business School,7305,principal,Y
7306,Excel College of Architecture and Planning,7306,principal,Y
7307,Excel College of Engineering and Technology,7307,principal,Y
7308,Excel College of Engineering for Women,7308,principal,Y
7309,Excel Engineering College,7309,principal,Y
7310,GEM Business Academy,7310,principal,Y
7311,Institute of Road and Transport Technology,7311,principal,Y
7312,JKK Munirajah College of Technology,7312,principal,Y
7313,J.K.K.Nataraja College of Engineering and Technology,7313,principal,Y
7314,JKK Munirajah School of Architecture,7314,principal,Y
7315,K.S.R.College of Engineering,7315,principal,Y
7316,KSR Institute for Engineering and Technology,7316,principal,Y
7317,M.P.Nachimuthu M.Jaganathan Engineering. College,7317,principal,Y
7318,Maharaja Engineering College,7318,principal,Y
7319,Maharaja Engineering College for Women,7319,principal,Y
7320,Maharaja Prithvi Engineering College,7320,principal,Y
7321,Nandha College of Technology,7321,principal,Y
7322,Nandha Engineering College,7322,principal,Y
7323,SSM College of Engineering,7323,principal,Y
7324,Sasurie College of Engineering,7324,principal,Y
7325,Shree Venkateshwara Hi-Tech Engineering College,7325,principal,Y
7326,Sri Ramanathan Engineering College,7326,principal,Y
7327,Sri Shanmugha College of EngineeringandTechnology,7327,principal,Y
7328,Surya Engineering College,7328,principal,Y
7329,Velalar College of Engineering and Technology,7329,principal,Y
7330,Vidhya Mandhir Institute of Technology,7330,principal,Y
7331,Vidyaa Vikas College of Engineering. and Technology,7331,principal,Y
7332,Vivekananda Engineering College for Women,7332,principal,Y
8100,"University  Department of Anna University of Technology, Thiruchirapalli",8100,principal,Y
8101,C.A.R.E School of Architecture,8101,principal,Y
8102,Cauvery College of Engineering and Technology,8102,principal,Y
8103,Designed Environment Academy and Research Institute,8103,principal,Y
8104,Dhanalakshmi Srinivasan Engineering College,8104,principal,Y
8105,Dhanalakshmi Srinivasan Institute of Management,8105,principal,Y
8106,Dr.Navalar Nedunchezhiyan College of Engineering,8106,principal,Y
8107,G.Narayanan Educational Trust's Group Of Institutions,8107,principal,Y
8108,Hallmark Business School,8108,principal,Y
8109,Holy Angels School Of Business,8109,principal,Y
8110,Imayam College of Engineering,8110,principal,Y
8111,Imayam College Of Information Technology,8111,principal,Y
8112,Indra Ganesan College of Engineering,8112,principal,Y
8113,J J.College of Engineering and Technology,8113,principal,Y
8114,Jayaram College of Engineering and Technology,8114,principal,Y
8115,K.Ramakrishnan College of Engineering,8115,principal,Y
8116,K.K.C.College of Engineering and Technology,8116,principal,Y
8117,K.Ramakrishnan College of Technology,8117,principal,Y
8118,Kurinji College of Engineering and Technology,8118,principal,Y
8119,M.A.M.School of Architecture,8119,principal,Y
8120,M.A.M.College of Engineering and Technology,8120,principal,Y
8121,M.A.M.School of Engineering,8121,principal,Y
8122,MAM B School,8122,principal,Y
8123,M.A.R.College of Engineering and Technology,8123,principal,Y
8124,M.I.E.T. Engineering College,8124,principal,Y
8125,Mahalakshmi Engineering College,8125,principal,Y
8126,MAM College of Engineering,8126,principal,Y
8127,Meenakshi Ramasamy Engineering College,8127,principal,Y
8128,Mookambigai College of Engineering,8128,principal,Y
8129,OAS Institute of Technology and Management Group of Institutions,8129,principal,Y
8130,Oxford Engineering College,8130,principal,Y
8131,Pavendar Bharathidasan College of Engineering and  Technology ,8131,principal,Y
8132,Pavendar Bharathidasan Institute of  Information Technology,8132,principal,Y
8133,RVS KVK Institute Of Management Studies,8133,principal,Y
8134,Roever College of Engineering and Technology,8134,principal,Y
8135,Roever Engineering College,8135,principal,Y
8136,Roever Institute Of Management,8136,principal,Y
8137,RVS KVK Institute Of Management Studies,8137,principal,Y
8138,Saranathan College of Engineering,8138,principal,Y
8139,Shivani Engineering College,8139,principal,Y
8140,Shivani Institute of Technology,8140,principal,Y
8141,Shivani School of Business Management,8141,principal,Y
8142,Shri Angala Amman College of Engineering. and Technology,8142,principal,Y
8143,Srinivasan Engineering College,8143,principal,Y
8144,Sudharasan Engineering College,8144,principal,Y
8145,The Selvam Women Excellence Engineering and Technology ,8145,principal,Y
8146,Trichy Engineering College,8146,principal,Y
8147,TRP Engineering College,8147,principal,Y
8148,Anna University of Technology Tiruchirapalli - Ariyalur  Campus,8148,principal,Y
8201,A.R.J.College of Engineering and Technology,8201,principal,Y
8202,A.R.J Institute Of Management Studies,8202,principal,Y
8203,A.V.C.College of Engineering,8203,principal,Y
8204,Anjalai Ammal Mahalingam Engineering College,8204,principal,Y
8205,Annai College of Engineering and Technology,8205,principal,Y
8206,Arasu Engineering College,8206,principal,Y
8207,AS-Salam College of Engineering and Technology,8207,principal,Y
8208,E.G.S.Pillay Engineering College,8208,principal,Y
8209,Gnanam School Of Business,8209,principal,Y
8210,K.S.K.College of Engineering and Technology,8210,principal,Y
8211,Kings College of Engineering,8211,principal,Y
8212,P.R.Engineering College,8212,principal,Y
8213,Parisutham Institute of Technology and Science,8213,principal,Y
8214,Ponnaiyah Ramajayam College of Engineering.and Technology,8214,principal,Y
8215,Prime College of Architecture and Planning,8215,principal,Y
8216,Sembodai Rukmani Varatharajan Engineering. College,8216,principal,Y
8217,Sir Issac Newton College of Engineering. and Tech.,8217,principal,Y
8218,SMR East Coast College of Engineering. and Tech.,8218,principal,Y
8219,St.Joseph's College of Engineering and Technology,8219,principal,Y
8220,Star Lion College of Engineering and Technology,8220,principal,Y
8221,Anna University of Technology Tiruchirapalli - Pattukkottai  Campus,8221,principal,Y
8223,Anna University of Technology Tiruchirapalli - Thirukkuvalai Campus,8223,principal,Y
8223,Vandayar Engineering College,8223,principal,Y
8224,MRK Institute of Technology,8224,principal,Y
9100,"University Departments of Anna University of Technology, Madurai",9100,principal,Y
9101,C.R.Engineering College,9101,principal,Y
9102,Central Electrochemical Research Institute (CSIR),9102,principal,Y
9103,Chendhuran College of Engineering and Technology,9103,principal,Y
9104,Fatima Michael College of Engineering. and Technology,9104,principal,Y
9105,Ganapathy Chettiar College of Engineering. And Technology,9105,principal,Y
9106,K.L.N.College of Engineering,9106,principal,Y
9107,K.L.N.College of Information Technology,9107,principal,Y
9108,Karaikudi Institute of Technology and karaikudi Institute of Management  ,9108,principal,Y
9109,Karpaga Vinayaga Institute of  Management,9109,principal,Y
9110,Latha Mathavan Engineering College,9110,principal,Y
9111,Madurai Institute of Engineering and Technology,9111,principal,Y
9112,Mahath Amma Institute of Engineering. and Technology,9112,principal,Y
9113,Micheal Institute of Management,9113,principal,Y
9114,MNSK College of Engineering,9114,principal,Y
9115,Mohamed Sathak Engineering College,9115,principal,Y
9116,Mother Terasa College of Engineering and Technology ,9116,principal,Y
9117,Mount Zion College of Engineering and Technology,9117,principal,Y
9118,OAA MAVMM School Of Management,9118,principal,Y
9119,P.T.R. College of Engineering and Technology,9119,principal,Y
9120,Pandian Saraswathi Yadav Engineering College,9120,principal,Y
9121,Pannai College of Engineering and Technology,9121,principal,Y
9122,Raja College of Engineering and Technology,9122,principal,Y
9123,SACS M.A.V.M.M Engineering College,9123,principal,Y
9124,Shanmuganathan Engineering College,9124,principal,Y
9125,Sree Raaja Raajan College of Engineering. and Technology,9125,principal,Y
9126,Sri Bharathi Engineering College for Women,9126,principal,Y
9127,St.Michael College of Engineering and Technology,9127,principal,Y
9128,Syed Ammal Engineering College,9128,principal,Y
9129,Ultra College of Engineering and Tech. for Women,9129,principal,Y
9130,"Anna University of Technology, Madurai - Ramanathapuram Campus",9130,principal,Y
9131,Velammal College of Engineering and Technology,9131,principal,Y
9132,Vickram College of Engineering,9132,principal,Y
9201,Bharath Niketan Engineering College,9201,principal,Y
9202,Chettinad College of Engineering and Technology,9202,principal,Y
9203,Christian College of Engineering and Technology,9203,principal,Y
9204,Kamaraj College of Engineering and Technology,9204,principal,Y
9205,Karur College of Engineering,9205,principal,Y
9206,Kodaikanal Institute of Technology,9206,principal,Y
9207,M.Kumarasamy College of Engineering,9207,principal,Y
9208,N P R College of Engineering and Technology,9208,principal,Y
9209,N.S.N College of Engineering and Technology,9209,principal,Y
9210,Nadar Saraswathi College of Engineering and Technology,9210,principal,Y
9211,Odaiyappa College of Engineering and Technology,9211,principal,Y
9212,Pannaikadu Veerammal Paramasivam College of Engg and Tech for women,9212,principal,Y
9213,PSNA College of Engineering and Technology,9213,principal,Y
9214,"RVS Educational Trusts Group of Institns., Dindigul",9214,principal,Y
9215,Ratnavel Subramaniam College of Engineering and Technology,9215,principal,Y
9216,SBM College of Engineering and Technology,9216,principal,Y
9217,Sethu Institute of Technology,9217,principal,Y
9218,Sree Sowdambika College of Engineering,9218,principal,Y
9219,Sri Subramanya College of Engineering. and Technology,9219,principal,Y
9220,Sri Vidya College of Engineering and Technology,9220,principal,Y
9221,SSM Institute of Engineering and Technology,9221,principal,Y
9222,Theni Kammavar Sangam College of Technology,9222,principal,Y
9223,"Anna University of Technology, Madurai - Dindigul Campus",9223,principal,Y
9224,V K S College of Engineering and Technology,9224,principal,Y
9225,V.S.B. Engineering College,9225,principal,Y
9226,Vijay Institute Of Management,9226,principal,Y
9227,VPV College of Engineering,9227,principal,Y
9500,"University Department of Anna University of Technology ,Tirunelveli",9500,principal,Y
9501,A.R. College of Engineering and Technology,9501,principal,Y
9503,Chandy College of Engineering,9503,principal,Y
9504,Dr.G.U.Pope College of Engineering,9504,principal,Y
9505,Dr.Sivanthi Aditanar Collegeof Engineering,9505,principal,Y
9506,Einstein College of Engineering,9506,principal,Y
9507,Francis Xavier Engineering College,9507,principal,Y
9508,Government College of Engineering - Tirunelveli,9508,principal,Y
9509,Holy Cross Engineering College,9509,principal,Y
9510,Infant Jesus College of Engineering,9510,principal,Y
9511,Infant Jesus College of Engineering and Technology,9511,principal,Y
9512,JP College of Engineering,9512,principal,Y
9513,Jayaraj Annapackiam CSI College of Engineering,9513,principal,Y
9514,Joe Suresh Engineering College,9514,principal,Y
9515,Kalasalingam Institute of Technology,9515,principal,Y
9516,Mahakavi Bharathiyar College of Engineering and Technology,9516,principal,Y
9517,MEPCO Schlenk Engineering College,9517,principal,Y
9518,National College of Engineering,9518,principal,Y
9519,P.S.R Engineering College,9519,principal,Y
9520,P.S.R Rengasamy College of Engineering. for Women,9520,principal,Y
9522,PSN College of Engineering and Technology,9522,principal,Y
9523,PSN Engineering College,9523,principal,Y
9524,PSN Institute of Technology and Science,9524,principal,Y
9525,Renganayaki Varatharaj College of Engineering,9525,principal,Y
9526,S.Veerasamy Chettiar College of Engineering and Technology,9526,principal,Y
9527,Sardar Raja College of Engineering,9527,principal,Y
9528,SCAD College of Engineering and Technology,9528,principal,Y
9529,SCAD Engineering College,9529,principal,Y
9530,St.Mother Theresa Engineering College,9530,principal,Y
9531,Thamirabharani Engineering College,9531,principal,Y
9532,"University VOC College of Engg, Anna University of Tech - Tirunelveli",9532,principal,Y
9533,Unnamalai Institute of Technology,9533,principal,Y
9534,VV College of Engineering,9534,principal,Y
9535,V.P.Muthaiah Pillai Meenakshi Ammal Engineering College for Women,9535,principal,Y
9601,Annai Vailankanni College of Engineering,9601,principal,Y
9602,Arunachala College of Engineering for Women,9602,principal,Y
9603,Bethlahem Institute of Engineering,9603,principal,Y
9604,C.S.I. Institute of Technology,9604,principal,Y
9605,Cape Institute of Technology,9605,principal,Y
9606,DMI Engineering College,9606,principal,Y
9607,Immanuel Arasar JJ College of Engineering,9607,principal,Y
9608,James College of Engineering and Technology,9608,principal,Y
9609,Jayamatha Engineering College,9609,principal,Y
9610,KNSK College of Engineering,9610,principal,Y
9611,Lord Jegannath College of Engineering and Technology,9611,principal,Y
9612,Loyola Institute of Technology and Science,9612,principal,Y
9613,M.E.T Engineering College,9613,principal,Y
9614,Mar Ephraem College of Engineering and Technology,9614,principal,Y
9615,Maria College of Engineering and Technology,9615,principal,Y
9616,Marthandam College of Engineering and Technology,9616,principal,Y
9617,Narayanaguru College of Engineering,9617,principal,Y
9618,Ponjesly College of Engineering,9618,principal,Y
9619,Rajas International Institute of Technology for Women ,9619,principal,Y
9620,Sathyam College of Engineering and Technology,9620,principal,Y
9621,Sivaji College of Engineering and Technology,9621,principal,Y
9622,St.Xavier's Catholic College of Engineering,9622,principal,Y
9623,Sun College of Engineering and Technology,9623,principal,Y
9624,Tamizhan College of Engineering and Technology,9624,principal,Y
9625,The Rajaas Engineering College,9625,principal,Y
9626,Udaya School of Engineering,9626,principal,Y
9627,Universal College of Engineering and Technology,9627,principal,Y
9628,"University  College Of Engineering-Nagercoil, Anna Universiry of Tech, Tirunelveli",9628,principal,Y
9629,Vins Christian College of Engineering,9629,principal,Y
9630,Vins Christian Women's College of Engineering,9630,principal,Y
9631,Arul College of Technology,9631,principal,Y
9632,PET Engineering  College,9632,principal,Y
A 15,"Government College of Technology, Coimbatore",A 15,principal,Y
A 16,Coimbatore Institute of Technology,A 16,principal,Y
A 17,PSG College of Technology,A 17,principal,Y
A 20,Thiagarajar College of Engineering,A 20,principal,Y
A 21,AC College of Engineering and Technology,A 21,principal,Y
A 22,Adhiyamaan College of Engineering,A 22,principal,Y
A 23,Bannari Amman Institute of Technology,A 23,principal,Y
A 24,Dr.Mahalingam College of Engineering.and Technology,A 24,principal,Y
A 25,Government College of Engineering - Salem,A 25,principal,Y
A 26,K.S.Rangasamy College of Technology,A 26,principal,Y
A 27,Karpagam College of Engineering,A 27,principal,Y
A 28,Kongu Engineering College,A 28,principal,Y
A 29,Kumaraguru College of Technology,A 29,principal,Y
A 30,M.Kumarasamy College of Engineering,A 30,principal,Y
A 31,National Engineering College,A 31,principal,Y
A 32,Sona College of Technology,A 32,principal,Y
A 33,Sri Krishna College of Engineering and Technology,A 33,principal,Y
A 33B,Sri Krishna College of Technology,A 33B,principal,Y
A 34,Sri Ramakrishna Engineering College,A 34,principal,Y
